1	2	Assets/Resources/Prefab/UI/BanShenXiang/Attack_Left_HeiQiYiHu.prefab	0												
2	2	Assets/Resources/Prefab/UI/BanShenXiang/Attack_Left_ChaDuTaiHu.prefab	0												
3	2	Assets/Resources/Prefab/UI/BanShenXiang/Attack_Left_ASanJingLianCi.prefab	0												
4	2	Assets/Resources/Prefab/UI/BanShenXiang/Attack_Left_JingShangZhiJi.prefab	0												
5	2	Assets/Resources/Prefab/UI/BanShenXiang/Attack_Left_ShiTianYuLong.prefab	0												
6	2	Assets/Resources/Prefab/UI/BanShenXiang/Attack_Left_SongBenLuanJu.prefab	0												
7	2	Assets/Resources/Prefab/UI/BanShenXiang/Attack_Left_XiuMuLuQiYa.prefab	0												
8	2	Assets/Resources/Prefab/UI/BanShenXiang/Attack_Left_XiuMuBaiZai.prefab	0												
9	2	Assets/Resources/Prefab/UI/BanShenXiang/Attack_Right_HeiQiYiHu.prefab	0												
10	2	Assets/Resources/Prefab/UI/BanShenXiang/Attack_Right_ChaDuTaiHu.prefab	0												
11	2	Assets/Resources/Prefab/UI/BanShenXiang/Attack_Right_ASanJingLianCi.prefab	0												
12	2	Assets/Resources/Prefab/UI/BanShenXiang/Attack_Right_JingShangZhiJi.prefab	0												
13	2	Assets/Resources/Prefab/UI/BanShenXiang/Attack_Right_ShiTianYuLong.prefab	0												
14	2	Assets/Resources/Prefab/UI/BanShenXiang/Attack_Right_SongBenLuanJu.prefab	0												
15	2	Assets/Resources/Prefab/UI/BanShenXiang/Attack_Right_XiuMuLuQiYa.prefab	0												
16	2	Assets/Resources/Prefab/UI/BanShenXiang/Attack_Right_XiuMuBaiZai.prefab	0												
17	2	Assets/Resources/Prefab/UI/BanShenXiang/Hit_Left_HeiQiYiHu.prefab	0												
18	2	Assets/Resources/Prefab/UI/BanShenXiang/Hit_Left_ChaDuTaiHu.prefab	0												
19	2	Assets/Resources/Prefab/UI/BanShenXiang/Hit_Left_ASanJingLianCi.prefab	0												
20	2	Assets/Resources/Prefab/UI/BanShenXiang/Hit_Left_JingShangZhiJi.prefab	0												
21	2	Assets/Resources/Prefab/UI/BanShenXiang/Hit_Left_ShiTianYuLong.prefab	0												
22	2	Assets/Resources/Prefab/UI/BanShenXiang/Hit_Left_SongBenLuanJu.prefab	0												
23	2	Assets/Resources/Prefab/UI/BanShenXiang/Hit_Left_XiuMuLuQiYa.prefab	0												
24	2	Assets/Resources/Prefab/UI/BanShenXiang/Hit_Left_XiuMuBaiZai.prefab	0												
25	2	Assets/Resources/Prefab/UI/BanShenXiang/Hit_Right_HeiQiYiHu.prefab	0												
26	2	Assets/Resources/Prefab/UI/BanShenXiang/Hit_Right_ChaDuTaiHu.prefab	0												
27	2	Assets/Resources/Prefab/UI/BanShenXiang/Hit_Right_ASanJingLianCi.prefab	0												
28	2	Assets/Resources/Prefab/UI/BanShenXiang/Hit_Right_JingShangZhiJi.prefab	0												
29	2	Assets/Resources/Prefab/UI/BanShenXiang/Hit_Right_ShiTianYuLong.prefab	0												
30	2	Assets/Resources/Prefab/UI/BanShenXiang/Hit_Right_SongBenLuanJu.prefab	0												
31	2	Assets/Resources/Prefab/UI/BanShenXiang/Hit_Right_XiuMuLuQiYa.prefab	0												
32	2	Assets/Resources/Prefab/UI/BanShenXiang/Hit_Right_XiuMuBaiZai.prefab	0												