1	icon_ce_heiqiyihu_00	Assets/Resources/UI/Atlas/zhanzhongtouxiang/zhanzhongtouxiang.prefab
2	icon_ce_heiqiyihu_01	Assets/Resources/UI/Atlas/zhanzhongtouxiang/zhanzhongtouxiang.prefab
3	icon_ce_heiqiyihu_02	Assets/Resources/UI/Atlas/zhanzhongtouxiang/zhanzhongtouxiang.prefab
4	icon_ce_asanjinglianci_00	Assets/Resources/UI/Atlas/zhanzhongtouxiang/zhanzhongtouxiang.prefab
5	icon_ce_asanjinglianci_01	Assets/Resources/UI/Atlas/zhanzhongtouxiang/zhanzhongtouxiang.prefab
6	icon_ce_asanjinglianci_02	Assets/Resources/UI/Atlas/zhanzhongtouxiang/zhanzhongtouxiang.prefab
7	icon_ce_xiumuluqiya_00	Assets/Resources/UI/Atlas/zhanzhongtouxiang/zhanzhongtouxiang.prefab
8	icon_ce_xiumuluqiya_01	Assets/Resources/UI/Atlas/zhanzhongtouxiang/zhanzhongtouxiang.prefab
9	icon_ce_xiumuluqiya_02	Assets/Resources/UI/Atlas/zhanzhongtouxiang/zhanzhongtouxiang.prefab
10	icon_ce_xiumubaizai_00	Assets/Resources/UI/Atlas/zhanzhongtouxiang/zhanzhongtouxiang.prefab
11	icon_ce_xiumubaizai_01	Assets/Resources/UI/Atlas/zhanzhongtouxiang/zhanzhongtouxiang.prefab
12	icon_ce_xiumubaizai_02	Assets/Resources/UI/Atlas/zhanzhongtouxiang/zhanzhongtouxiang.prefab
13	icon_ce_songbenluanju_00	Assets/Resources/UI/Atlas/zhanzhongtouxiang/zhanzhongtouxiang.prefab
14	icon_ce_songbenluanju_01	Assets/Resources/UI/Atlas/zhanzhongtouxiang/zhanzhongtouxiang.prefab
15	icon_ce_songbenluanju_02	Assets/Resources/UI/Atlas/zhanzhongtouxiang/zhanzhongtouxiang.prefab
16	icon_ce_shitianyuling_00	Assets/Resources/UI/Atlas/zhanzhongtouxiang/zhanzhongtouxiang.prefab
17	icon_ce_shitianyuling_01	Assets/Resources/UI/Atlas/zhanzhongtouxiang/zhanzhongtouxiang.prefab
18	icon_ce_shitianyulong_02	Assets/Resources/UI/Atlas/zhanzhongtouxiang/zhanzhongtouxiang.prefab
19	icon_ce_chadutaihu_00	Assets/Resources/UI/Atlas/zhanzhongtouxiang/zhanzhongtouxiang.prefab
20	icon_ce_chadutaihu_01	Assets/Resources/UI/Atlas/zhanzhongtouxiang/zhanzhongtouxiang.prefab
21	icon_ce_chadutaihu_02	Assets/Resources/UI/Atlas/zhanzhongtouxiang/zhanzhongtouxiang.prefab
22	icon_ce_jinshangzhiji_00	Assets/Resources/UI/Atlas/zhanzhongtouxiang/zhanzhongtouxiang.prefab
23	icon_ce_jinshangzhiji_01	Assets/Resources/UI/Atlas/zhanzhongtouxiang/zhanzhongtouxiang.prefab
24	YuanZhu	Assets/Resources/Prefab/UI/Combat/CombatHeadPortraitAtlas.prefab
25	YuanZhu	Assets/Resources/Prefab/UI/Combat/CombatHeadPortraitAtlas.prefab
26	YuanZhu	Assets/Resources/Prefab/UI/Combat/CombatHeadPortraitAtlas.prefab
27	icon_JinBi	Assets/Resources/Prefab/UI/Common/CommonUIAtlas.prefab
28	icon_ZuanShi	Assets/Resources/Prefab/UI/Main/MainUIAtlas.prefab
29	asanjinglianci	Assets/Resources/UI/Atlas/Head/Head.prefab
30	shitianyulong	Assets/Resources/UI/Atlas/Head/Head.prefab
31	songbenluanju	Assets/Resources/UI/Atlas/Head/Head.prefab
32	jingshangzhiji	Assets/Resources/UI/Atlas/Head/Head.prefab
33	xiumuluqiya	Assets/Resources/UI/Atlas/Head/Head.prefab
34	xiumubaizai	Assets/Resources/UI/Atlas/Head/Head.prefab
35	Image_Attack	Assets/Resources/UI/Atlas/Head/Head.prefab
36	Image_Cure	Assets/Resources/UI/Atlas/Head/Head.prefab
37	Image_Defend	Assets/Resources/UI/Atlas/Head/Head.prefab
38	bg_Attack	Assets/Resources/Prefab/UI/EmBattle/BuZhen.prefab
39	bg_Cure	Assets/Resources/Prefab/UI/EmBattle/BuZhen.prefab
40	bg_Defend	Assets/Resources/Prefab/UI/EmBattle/BuZhen.prefab
41	Icon_Now	Assets/Resources/Prefab/UI/CombatEmbattle/GuanKaJinDu.prefab
42	Icon_DiKuang	Assets/Resources/Prefab/UI/CombatEmbattle/GuanKaJinDu.prefab
43	heiqiyihu	Assets/Resources/UI/Atlas/Head/Head.prefab
44	chadutaihu	Assets/Resources/UI/Atlas/Head/Head.prefab
45	asanjinglianci_Skill_1	Assets/Resources/Prefab/UI/EmBattle/BuZhen.prefab
46	asanjinglianci_Skill_2	Assets/Resources/Prefab/UI/EmBattle/BuZhen.prefab
47	asanjinglianci_Skill_3	Assets/Resources/Prefab/UI/EmBattle/BuZhen.prefab
48	asanjinglianci_Skill_4	Assets/Resources/Prefab/UI/EmBattle/BuZhen.prefab
49	asanjinglianci_Skill_5	Assets/Resources/Prefab/UI/EmBattle/BuZhen.prefab
50	chadutaihu_Skill_1	Assets/Resources/Prefab/UI/EmBattle/BuZhen.prefab
51	chadutaihu_Skill_2	Assets/Resources/Prefab/UI/EmBattle/BuZhen.prefab
52	chadutaihu_Skill_3	Assets/Resources/Prefab/UI/EmBattle/BuZhen.prefab
53	chadutaihu_Skill_4	Assets/Resources/Prefab/UI/EmBattle/BuZhen.prefab
54	chadutaihu_Skill_5	Assets/Resources/Prefab/UI/EmBattle/BuZhen.prefab
55	heiqiyihu_Skill_1	Assets/Resources/Prefab/UI/EmBattle/BuZhen.prefab
56	heiqiyihu_Skill_2	Assets/Resources/Prefab/UI/EmBattle/BuZhen.prefab
57	heiqiyihu_Skill_3	Assets/Resources/Prefab/UI/EmBattle/BuZhen.prefab
58	heiqiyihu_Skill_4	Assets/Resources/Prefab/UI/EmBattle/BuZhen.prefab
59	heiqiyihu_Skill_5	Assets/Resources/Prefab/UI/EmBattle/BuZhen.prefab
60	jingshagnzhiji_Skill_1	Assets/Resources/Prefab/UI/EmBattle/BuZhen.prefab
61	jingshagnzhiji_Skill_2	Assets/Resources/Prefab/UI/EmBattle/BuZhen.prefab
62	jingshagnzhiji_Skill_3	Assets/Resources/Prefab/UI/EmBattle/BuZhen.prefab
63	jingshagnzhiji_Skill_4	Assets/Resources/Prefab/UI/EmBattle/BuZhen.prefab
64	jingshagnzhiji_Skill_5	Assets/Resources/Prefab/UI/EmBattle/BuZhen.prefab
65	shitianyulong_Skill_1	Assets/Resources/Prefab/UI/EmBattle/BuZhen.prefab
66	shitianyulong_Skill_2	Assets/Resources/Prefab/UI/EmBattle/BuZhen.prefab
67	shitianyulong_Skill_3	Assets/Resources/Prefab/UI/EmBattle/BuZhen.prefab
68	shitianyulong_Skill_4	Assets/Resources/Prefab/UI/EmBattle/BuZhen.prefab
69	shitianyulong_Skill_5	Assets/Resources/Prefab/UI/EmBattle/BuZhen.prefab
70	songbenluanju_Skill_1	Assets/Resources/Prefab/UI/EmBattle/BuZhen.prefab
71	songbenluanju_Skill_2	Assets/Resources/Prefab/UI/EmBattle/BuZhen.prefab
72	songbenluanju_Skill_3	Assets/Resources/Prefab/UI/EmBattle/BuZhen.prefab
73	songbenluanju_Skill_4	Assets/Resources/Prefab/UI/EmBattle/BuZhen.prefab
74	songbenluanju_Skill_5	Assets/Resources/Prefab/UI/EmBattle/BuZhen.prefab
75	xiumubaizai_Skill_1	Assets/Resources/Prefab/UI/EmBattle/BuZhen.prefab
76	xiumubaizai_Skill_2	Assets/Resources/Prefab/UI/EmBattle/BuZhen.prefab
77	xiumubaizai_Skill_3	Assets/Resources/Prefab/UI/EmBattle/BuZhen.prefab
78	xiumubaizai_Skill_4	Assets/Resources/Prefab/UI/EmBattle/BuZhen.prefab
79	xiumubaizai_Skill_5	Assets/Resources/Prefab/UI/EmBattle/BuZhen.prefab
80	xiumuluqiya_Skill_1	Assets/Resources/Prefab/UI/EmBattle/BuZhen.prefab
81	xiumuluqiya_Skill_2	Assets/Resources/Prefab/UI/EmBattle/BuZhen.prefab
82	xiumuluqiya_Skill_3	Assets/Resources/Prefab/UI/EmBattle/BuZhen.prefab
83	xiumuluqiya_Skill_4	Assets/Resources/Prefab/UI/EmBattle/BuZhen.prefab
84	xiumuluqiya_Skill_5	Assets/Resources/Prefab/UI/EmBattle/BuZhen.prefab
10001	guanka_chadutaihu	Assets/Resources/UI/Atlas/Head/Head.prefab
10002	guanka_jingshangzhiji	Assets/Resources/UI/Atlas/Head/Head.prefab
10003	guanka_shitianyulong	Assets/Resources/UI/Atlas/Head/Head.prefab
10004	guanka_xiumuluqiya	Assets/Resources/UI/Atlas/Head/Head.prefab
10005	Image_ShuXing	Assets/Resources/UI/Atlas/EmbattleUI/EmbattleUI.prefab
10006	Image_ShuXing_1	Assets/Resources/UI/Atlas/EmbattleUI/EmbattleUI.prefab
10007	Image_ShuXing_2	Assets/Resources/UI/Atlas/EmbattleUI/EmbattleUI.prefab
10008	guanka_asanjinglianci	Assets/Resources/Prefab/UI/EmBattle/BuZhen.prefab
10009	guanka_heiqiyihu	Assets/Resources/UI/Atlas/Head/Head.prefab
10010	guanka_songbenluanju	Assets/Resources/UI/Atlas/Head/Head.prefab
10011	guanka_xiumubaizai	Assets/Resources/UI/Atlas/Head/Head.prefab
20001	bg_zhandouzhong_xuanyun	Assets/Resources/UI/Atlas/zhandouzhong/zhandouzhong.prefab
20002	bg_zhandouzhong_chenmo	Assets/Resources/UI/Atlas/zhandouzhong/zhandouzhong.prefab
20003	bg_zhandouzhong_dingshen	Assets/Resources/UI/Atlas/zhandouzhong/zhandouzhong.prefab
20004	bg_zhandouzhong_dongjie	Assets/Resources/UI/Atlas/zhandouzhong/zhandouzhong.prefab
20005	bg_zhandouzhong_fengyin	Assets/Resources/UI/Atlas/zhandouzhong/zhandouzhong.prefab
20006	bg_zhandouzhong_jiaoxie	Assets/Resources/UI/Atlas/zhandouzhong/zhandouzhong.prefab
20007	icon_zhandouzhong_xuanyun	Assets/Resources/UI/Atlas/zhandouzhong/zhandouzhong.prefab
20008	icon_zhandouzhong_chenmo	Assets/Resources/UI/Atlas/zhandouzhong/zhandouzhong.prefab
20009	icon_zhandouzhong_dingshen	Assets/Resources/UI/Atlas/zhandouzhong/zhandouzhong.prefab
20010	icon_zhandouzhong_dongjie	Assets/Resources/UI/Atlas/zhandouzhong/zhandouzhong.prefab
20011	icon_zhandouzhong_fengyin	Assets/Resources/UI/Atlas/zhandouzhong/zhandouzhong.prefab
20012	icon_zhandouzhong_jiaoxie	Assets/Resources/UI/Atlas/zhandouzhong/zhandouzhong.prefab
20013	icon_zhandouzhong_xuanyun_zi	Assets/Resources/UI/Atlas/zhandouzhong/zhandouzhong.prefab
20014	icon_zhandouzhong_chenmo_zi	Assets/Resources/UI/Atlas/zhandouzhong/zhandouzhong.prefab
20015	icon_zhandouzhong_dingshen_zi	Assets/Resources/UI/Atlas/zhandouzhong/zhandouzhong.prefab
20016	icon_zhandouzhong_dongjie_zi	Assets/Resources/UI/Atlas/zhandouzhong/zhandouzhong.prefab
20017	icon_zhandouzhong_fengyin_zi	Assets/Resources/UI/Atlas/zhandouzhong/zhandouzhong.prefab
20018	icon_zhandouzhong_jiaoxie_zi	Assets/Resources/UI/Atlas/zhandouzhong/zhandouzhong.prefab